observation_date,BOPGSTB
2000-01-01,-27131.0
2000-02-01,-29794.0
2000-03-01,-30557.0
2000-04-01,-28598.0
2000-05-01,-29165.0
2000-06-01,-30405.0
2000-07-01,-31252.0
2000-08-01,-29931.0
2000-09-01,-33333.0
2000-10-01,-33378.0
2000-11-01,-32723.0
2000-12-01,-33420.0
2001-01-01,-35202.0
2001-02-01,-29301.0
2001-03-01,-32812.0
2001-04-01,-30521.0
2001-05-01,-27095.0
2001-06-01,-29151.0
2001-07-01,-29902.0
2001-08-01,-28094.0
2001-09-01,-30217.0
2001-10-01,-30588.0
2001-11-01,-30003.0
2001-12-01,-27488.0
2002-01-01,-29678.0
2002-02-01,-32501.0
2002-03-01,-31161.0
2002-04-01,-33965.0
2002-05-01,-34026.0
2002-06-01,-34732.0
2002-07-01,-33913.0
2002-08-01,-36385.0
2002-09-01,-36088.0
2002-10-01,-35095.0
2002-11-01,-39515.0
2002-12-01,-43607.0
2003-01-01,-41156.0
2003-02-01,-40082.0
2003-03-01,-43806.0
2003-04-01,-42037.0
2003-05-01,-41045.0
2003-06-01,-39696.0
2003-07-01,-41321.0
2003-08-01,-39892.0
2003-09-01,-41842.0
2003-10-01,-41388.0
2003-11-01,-39898.0
2003-12-01,-44080.0
2004-01-01,-44645.0
2004-02-01,-44552.0
2004-03-01,-46754.0
2004-04-01,-47283.0
2004-05-01,-47553.0
2004-06-01,-54169.0
2004-07-01,-51606.0
2004-08-01,-53647.0
2004-09-01,-51686.0
2004-10-01,-55058.0
2004-11-01,-58967.0
2004-12-01,-54918.0
2005-01-01,-56189.0
2005-02-01,-58094.0
2005-03-01,-53134.0
2005-04-01,-57312.0
2005-05-01,-56040.0
2005-06-01,-58152.0
2005-07-01,-58301.0
2005-08-01,-58745.0
2005-09-01,-64882.0
2005-10-01,-67265.0
2005-11-01,-63859.0
2005-12-01,-64568.0
2006-01-01,-66967.0
2006-02-01,-62308.0
2006-03-01,-62397.0
2006-04-01,-62603.0
2006-05-01,-64818.0
2006-06-01,-63800.0
2006-07-01,-66909.0
2006-08-01,-68277.0
2006-09-01,-65095.0
2006-10-01,-59538.0
2006-11-01,-58939.0
2006-12-01,-61882.0
2007-01-01,-58014.0
2007-02-01,-58479.0
2007-03-01,-62183.0
2007-04-01,-60494.0
2007-05-01,-59572.0
2007-06-01,-59997.0
2007-07-01,-60246.0
2007-08-01,-57214.0
2007-09-01,-58158.0
2007-10-01,-57666.0
2007-11-01,-60682.0
2007-12-01,-58290.0
2008-01-01,-61339.0
2008-02-01,-64225.0
2008-03-01,-60200.0
2008-04-01,-63733.0
2008-05-01,-62310.0
2008-06-01,-60889.0
2008-07-01,-66989.0
2008-08-01,-62394.0
2008-09-01,-60292.0
2008-10-01,-60879.0
2008-11-01,-45132.0
2008-12-01,-43967.0
2009-01-01,-39343.0
2009-02-01,-28778.0
2009-03-01,-30193.0
2009-04-01,-30473.0
2009-05-01,-25839.0
2009-06-01,-27152.0
2009-07-01,-33307.0
2009-08-01,-31674.0
2009-09-01,-35247.0
2009-10-01,-34959.0
2009-11-01,-38381.0
2009-12-01,-39426.0
2010-01-01,-37744.0
2010-02-01,-41504.0
2010-03-01,-40271.0
2010-04-01,-41496.0
2010-05-01,-42088.0
2010-06-01,-47316.0
2010-07-01,-41609.0
2010-08-01,-45619.0
2010-09-01,-44333.0
2010-10-01,-40646.0
2010-11-01,-38739.0
2010-12-01,-41721.0
2011-01-01,-48123.0
2011-02-01,-44753.0
2011-03-01,-44312.0
2011-04-01,-42685.0
2011-05-01,-47725.0
2011-06-01,-49882.0
2011-07-01,-46070.0
2011-08-01,-45052.0
2011-09-01,-43477.0
2011-10-01,-45509.0
2011-11-01,-47460.0
2011-12-01,-49473.0
2012-01-01,-50126.0
2012-02-01,-42780.0
2012-03-01,-49749.0
2012-04-01,-46842.0
2012-05-01,-45106.0
2012-06-01,-42941.0
2012-07-01,-42406.0
2012-08-01,-44030.0
2012-09-01,-38794.0
2012-10-01,-41467.0
2012-11-01,-45332.0
2012-12-01,-36334.0
2013-01-01,-40135.0
2013-02-01,-41004.0
2013-03-01,-34314.0
2013-04-01,-38487.0
2013-05-01,-41701.0
2013-06-01,-34426.0
2013-07-01,-36356.0
2013-08-01,-36617.0
2013-09-01,-39917.0
2013-10-01,-36285.0
2013-11-01,-33983.0
2013-12-01,-33636.0
2014-01-01,-37433.0
2014-02-01,-40119.0
2014-03-01,-42940.0
2014-04-01,-43735.0
2014-05-01,-39575.0
2014-06-01,-38895.0
2014-07-01,-38935.0
2014-08-01,-36935.0
2014-09-01,-41672.0
2014-10-01,-41067.0
2014-11-01,-39808.0
2014-12-01,-42838.0
2015-01-01,-38865.0
2015-02-01,-33903.0
2015-03-01,-48732.0
2015-04-01,-39836.0
2015-05-01,-38502.0
2015-06-01,-42425.0
2015-07-01,-40340.0
2015-08-01,-44205.0
2015-09-01,-41641.0
2015-10-01,-40873.0
2015-11-01,-40451.0
2015-12-01,-41003.0
2016-01-01,-40044.0
2016-02-01,-43306.0
2016-03-01,-36801.0
2016-04-01,-38048.0
2016-05-01,-39032.0
2016-06-01,-41719.0
2016-07-01,-39931.0
2016-08-01,-40146.0
2016-09-01,-37004.0
2016-10-01,-38555.0
2016-11-01,-43896.0
2016-12-01,-40976.0
2017-01-01,-43556.0
2017-02-01,-39785.0
2017-03-01,-41124.0
2017-04-01,-44227.0
2017-05-01,-43985.0
2017-06-01,-42579.0
2017-07-01,-43854.0
2017-08-01,-41391.0
2017-09-01,-41593.0
2017-10-01,-42848.0
2017-11-01,-45463.0
2017-12-01,-46535.0
2018-01-01,-46993.0
2018-02-01,-48714.0
2018-03-01,-43514.0
2018-04-01,-46306.0
2018-05-01,-41635.0
2018-06-01,-44928.0
2018-07-01,-49560.0
2018-08-01,-49301.0
2018-09-01,-50245.0
2018-10-01,-52160.0
2018-11-01,-49143.0
2018-12-01,-54997.0
2019-01-01,-48785.0
2019-02-01,-47570.0
2019-03-01,-48154.0
2019-04-01,-49769.0
2019-05-01,-51047.0
2019-06-01,-48703.0
2019-07-01,-48436.0
2019-08-01,-48676.0
2019-09-01,-44400.0
2019-10-01,-41305.0
2019-11-01,-38786.0
2019-12-01,-43639.0
2020-01-01,-43562.0
2020-02-01,-39931.0
2020-03-01,-42374.0
2020-04-01,-51888.0
2020-05-01,-53995.0
2020-06-01,-49161.0
2020-07-01,-58882.0
2020-08-01,-61843.0
2020-09-01,-57002.0
2020-10-01,-61126.0
2020-11-01,-64349.0
2020-12-01,-61928.0
2021-01-01,-62826.0
2021-02-01,-65630.0
2021-03-01,-65658.0
2021-04-01,-65115.0
2021-05-01,-65779.0
2021-06-01,-71187.0
2021-07-01,-69169.0
2021-08-01,-72588.0
2021-09-01,-74657.0
2021-10-01,-66003.0
2021-11-01,-79425.0
2021-12-01,-79238.0
2022-01-01,-83599.0
2022-02-01,-84685.0
2022-03-01,-99398.0
2022-04-01,-82878.0
2022-05-01,-82157.0
2022-06-01,-79785.0
2022-07-01,-68396.0
2022-08-01,-66959.0
2022-09-01,-67781.0
2022-10-01,-74773.0
2022-11-01,-62798.0
2022-12-01,-70521.0
2023-01-01,-68800.0
2023-02-01,-69202.0
2023-03-01,-58587.0
2023-04-01,-71110.0
2023-05-01,-65814.0
2023-06-01,-65163.0
2023-07-01,-63759.0
2023-08-01,-59165.0
2023-09-01,-59565.0
2023-10-01,-64100.0
2023-11-01,-65053.0
2023-12-01,-63888.0
2024-01-01,-67077.0
2024-02-01,-66431.0
2024-03-01,-66266.0
2024-04-01,-73110.0
2024-05-01,-74456.0
2024-06-01,-73892.0
2024-07-01,-78639.0
2024-08-01,-71214.0
2024-09-01,-81498.0
2024-10-01,-74250.0
2024-11-01,-79752.0
2024-12-01,-96948.0
2025-01-01,-128801.0
2025-02-01,-120278.0
2025-03-01,-136419.0
2025-04-01,-60191.0
2025-05-01,-71116.0
2025-06-01,-59086.0
2025-07-01,-78311.0
